<application>
  <component name="AndroidLogcatFilterHistory">
    <option name="favorites">
      <list>
        <option value="FA name=mc_" />
      </list>
    </option>
    <option name="mostRecentlyUsed" value="FA name=mc_" />
    <option name="nonFavorites">
      <list>
        <option value="FA " />
        <option value="mc_ " />
        <option value="package:mine   " />
        <option value="package:mine  SendC " />
        <option value="package:mine  " />
        <option value="package:mine /joining " />
        <option value="package:mine kiyo " />
        <option value="package:mine " />
        <option value="package:mine kiyo on" />
        <option value="package:mine kiyo" />
        <option value="kiyo" />
        <option value="https" />
        <option value="package:mine sams " />
        <option value="package:mine Ga " />
        <option value="package:mine packageName " />
        <option value="package:mine slack " />
        <option value="package:mine appName: Fi " />
        <option value="package:mine appName " />
        <option value="package:mine prese " />
        <option value="package:mine preset " />
      </list>
    </option>
  </component>
</application>