<application>
  <component name="FileTypeManager" version="19">
    <ignoreFiles list="*.pyc;*.pyo;*.rbc;*~;.DS_Store;.git;.hg;.mypy_cache;.pytest_cache;.ruff_cache;.svn;CVS;RCS;SCCS;__pycache__;_svn;rcs" />
    <extensionMap>
      <mapping ext="gradle.kts" type="Kotlin" />
      <mapping ext="main.kts" type="Kotlin" />
      <removed_mapping ext="apk" approved="true" type="ARCHIVE" />
      <removed_mapping ext="psd" approved="true" type="Image" />
    </extensionMap>
  </component>
</application>