<application>
  <component name="GeneralSettings">
    <option name="showTipsOnStartup" value="false" />
    <option name="confirmExit" value="false" />
    <option name="confirmOpenNewProject2" value="-1" />
  </component>
  <component name="Registry">
    <entry key="ide.experimental.ui" value="true" />
    <entry key="ide.firstStartup" value="false" />
    <entry key="debugger.new.tool.window.layout" value="true" />
    <entry key="ide.images.show.chessboard" value="true" />
    <entry key="i18n.locale" value="" />
  </component>
</application>