<application>
  <component name="BuildProcessSatisfactionSurveyStore">
    <option name="daysWithGradleBuilds" value="5" />
    <option name="firstKotlinGradleBuildTime" value="1729582750" />
    <option name="lastKotlinGradleBuildTime" value="1731904150" />
    <option name="nextCountedGradleBuild" value="1731989915" />
  </component>
  <component name="KotlinNewUserTracker">
    <option name="firstKtFileOpened" value="1715058160" />
    <option name="lastKtFileOpened" value="1732246774" />
  </component>
</application>