<application>
  <component name="CodeStyleSchemes">
    <option name="CURRENT_SCHEME_NAME" value="Default" />
  </component>
  <component name="CvsApplicationLevelConfiguration">
    <option name="PATH_TO_PASSWORD_FILE" value="$userdir/.cvspass" />
  </component>
  <component name="DartCodeInsightSettings">
    <option name="SHOW_CLOSING_LABELS" value="false" />
  </component>
  <component name="PropertiesComponent">
    <property name="ATTACHED_TOOL_WINDOW.DEFAULT.Layout Inspector.PROPERTIES.AUTO_HIDE" value="false" />
    <property name="ATTACHED_TOOL_WINDOW.DEFAULT.Layout Inspector.PROPERTIES.LEFT" value="false" />
    <property name="ATTACHED_TOOL_WINDOW.DEFAULT.Layout Inspector.PROPERTIES.SPLIT" value="false" />
    <property name="ATTACHED_TOOL_WINDOW.DEFAULT.Layout Inspector.TOOL_ORDER" value="VIEW_TREE,PROPERTIES" />
    <property name="ATTACHED_TOOL_WINDOW.DEFAULT.Layout Inspector.VIEW_TREE.AUTO_HIDE" value="false" />
    <property name="ATTACHED_TOOL_WINDOW.DEFAULT.Layout Inspector.VIEW_TREE.LEFT" value="true" />
    <property name="ATTACHED_TOOL_WINDOW.DEFAULT.Layout Inspector.VIEW_TREE.SPLIT" value="false" />
    <property name="ATTACHED_TOOL_WINDOW.DEFAULT.NAV_EDITOR.PROPERTIES.AUTO_HIDE" value="false" />
    <property name="ATTACHED_TOOL_WINDOW.DEFAULT.NAV_EDITOR.PROPERTIES.LEFT" value="false" />
    <property name="ATTACHED_TOOL_WINDOW.DEFAULT.NAV_EDITOR.PROPERTIES.SPLIT" value="false" />
    <property name="ATTACHED_TOOL_WINDOW.DEFAULT.NAV_EDITOR.TOOL_ORDER" value="PROPERTIES,structure" />
    <property name="ATTACHED_TOOL_WINDOW.DEFAULT.NAV_EDITOR.structure.AUTO_HIDE" value="false" />
    <property name="ATTACHED_TOOL_WINDOW.DEFAULT.NAV_EDITOR.structure.LEFT" value="true" />
    <property name="ATTACHED_TOOL_WINDOW.DEFAULT.NAV_EDITOR.structure.SPLIT" value="false" />
    <property name="ATTACHED_TOOL_WINDOW.DEFAULT.NELE_EDITOR.COMPONENT_TREE.AUTO_HIDE" value="false" />
    <property name="ATTACHED_TOOL_WINDOW.DEFAULT.NELE_EDITOR.COMPONENT_TREE.LEFT" value="true" />
    <property name="ATTACHED_TOOL_WINDOW.DEFAULT.NELE_EDITOR.COMPONENT_TREE.SPLIT" value="true" />
    <property name="ATTACHED_TOOL_WINDOW.DEFAULT.NELE_EDITOR.PALETTE.AUTO_HIDE" value="false" />
    <property name="ATTACHED_TOOL_WINDOW.DEFAULT.NELE_EDITOR.PALETTE.LEFT" value="true" />
    <property name="ATTACHED_TOOL_WINDOW.DEFAULT.NELE_EDITOR.PALETTE.SPLIT" value="false" />
    <property name="ATTACHED_TOOL_WINDOW.DEFAULT.NELE_EDITOR.PROPERTIES.AUTO_HIDE" value="false" />
    <property name="ATTACHED_TOOL_WINDOW.DEFAULT.NELE_EDITOR.PROPERTIES.LEFT" value="false" />
    <property name="ATTACHED_TOOL_WINDOW.DEFAULT.NELE_EDITOR.PROPERTIES.SPLIT" value="false" />
    <property name="ATTACHED_TOOL_WINDOW.DEFAULT.NELE_EDITOR.TOOL_ORDER" value="PALETTE,COMPONENT_TREE,PROPERTIES" />
    <property name="ATTACHED_TOOL_WINDOW.DEFAULT.Preview.PALETTE.AUTO_HIDE" value="true" />
    <property name="ATTACHED_TOOL_WINDOW.DEFAULT.Preview.PALETTE.LEFT" value="true" />
    <property name="ATTACHED_TOOL_WINDOW.DEFAULT.Preview.PALETTE.SPLIT" value="false" />
    <property name="ATTACHED_TOOL_WINDOW.DEFAULT.Preview.TOOL_ORDER" value="PALETTE" />
    <property name="ATTACHED_TOOL_WINDOW.Layout Inspector.LEFT.UNSCALED.WIDTH" value="421" />
    <property name="ATTACHED_TOOL_WINDOW.Layout Inspector.RIGHT.UNSCALED.WIDTH" value="225" />
    <property name="ATTACHED_TOOL_WINDOW.Layout Inspector.TOOL_ORDER" value="VIEW_TREE,PROPERTIES" />
    <property name="ATTACHED_TOOL_WINDOW.Layout Inspector.VIEW_TREE.LEFT" value="true" />
    <property name="ATTACHED_TOOL_WINDOW.NAV_EDITOR.TOOL_ORDER" value="PROPERTIES,structure" />
    <property name="ATTACHED_TOOL_WINDOW.NAV_EDITOR.structure.LEFT" value="true" />
    <property name="ATTACHED_TOOL_WINDOW.NELE_EDITOR.COMPONENT_TREE.LEFT" value="true" />
    <property name="ATTACHED_TOOL_WINDOW.NELE_EDITOR.COMPONENT_TREE.SPLIT" value="true" />
    <property name="ATTACHED_TOOL_WINDOW.NELE_EDITOR.LEFT.UNSCALED.WIDTH" value="225" />
    <property name="ATTACHED_TOOL_WINDOW.NELE_EDITOR.PALETTE.LEFT" value="true" />
    <property name="ATTACHED_TOOL_WINDOW.NELE_EDITOR.RIGHT.UNSCALED.WIDTH" value="250" />
    <property name="ATTACHED_TOOL_WINDOW.NELE_EDITOR.TOOL_ORDER" value="PALETTE,COMPONENT_TREE,PROPERTIES" />
    <property name="ATTACHED_TOOL_WINDOW.Preview.PALETTE.AUTO_HIDE" value="true" />
    <property name="ATTACHED_TOOL_WINDOW.Preview.PALETTE.LEFT" value="true" />
    <property name="ATTACHED_TOOL_WINDOW.Preview.TOOL_ORDER" value="PALETTE" />
    <property name="AndroidInitConfigurator.V1" value="true" />
    <property name="AndroidInitConfigurator.V2" value="true" />
    <property name="AndroidInitConfigurator.V3" value="true" />
    <property name="AndroidInitConfigurator.V4" value="true" />
    <property name="AndroidInitConfigurator.V5" value="true" />
    <property name="CommitChangeListDialog.DETAILS_SPLITTER_PROPORTION_2" value="0.7117117" />
    <property name="Copy.OpenInEditor" value="true" />
    <property name="ExpandBeforeRunStepsPanel" value="true" />
    <property name="ExpandRunDashboardTypesPanel" value="false" />
    <property name="INSPECTION_FILTER_HISTORY" value="redundant cast" />
    <property name="JUnitSupport.hidePassedTests" value="false" />
    <property name="KEYMAP" value="hiera&#10;quick&#10;code&#10;auto&#10;refactor" />
    <property name="LOG_FILTER_HISTORY" value="RemoteConfig&#10;premiums&#10;kiyo&#10;hog&#10;Expand" />
    <property name="LayoutCode.optimizeImports" value="true" />
    <property name="LayoutCode.processChangedText" value="false" />
    <property name="LayoutCode.rearrangeEntriesJava" value="true" />
    <property name="MemberChooser.copyJavadoc" value="false" />
    <property name="MemberChooser.showClasses" value="true" />
    <property name="MobileminApi" value="21" />
    <property name="PLUGIN_FILTER" value="dart&#10;flutter&#10;fabric&#10;vim" />
    <property name="SAVED_ANDROID_NPW_LANGUAGE" value="Kotlin" />
    <property name="SAVED_ANDROID_PACKAGE" value="lathrop.net" />
    <property name="SAVED_COMPANY_DOMAIN" value="net.lathrop" />
    <property name="SearchEveryWhereHistory" value="ViewModel&#10;build&#10;MC&#10;MCApp&#10;AndroidMani" />
    <property name="SettingsSearchHistory" value="key&#10;xml&#10;gradle&#10;hard&#10;guide" />
    <property name="ShowDocumentationInToolWindow" value="false" />
    <property name="android-component-compatibility-check" value="1560126742431" />
    <property name="android.show.prompt.kill.session" value="true" />
    <property name="build.toolwindow.Build Output.selection.state" value="com.intellij.build.BuildTreeConsoleView" />
    <property name="build.toolwindow.Build.selection.state" value="com.intellij.build.BuildTreeConsoleView" />
    <property name="build.toolwindow.Sync.selection.state" value="com.intellij.build.BuildTreeConsoleView" />
    <property name="build.toolwindow.run.selection.state" value="consoleView" />
    <property name="colorPickerCategoryProperty" value="MATERIAL_500" />
    <property name="com.intellij.diagnostic.IdeErrorsDialogactiveTab" value="0" />
    <property name="com.intellij.history.integration.ui.views.SelectionHistoryDialog.0" value="300" />
    <property name="com.intellij.history.integration.ui.views.SelectionHistoryDialog.1" value="800" />
    <property name="crashlytics.cmApiUrl" value="https://cm.crashlytics.com" />
    <property name="crashlytics.distributionUploadsApiUrl" value="https://distribution-uploads.crashlytics.com" />
    <property name="crashlytics.kitApiUrl" value="https://kits.crashlytics.com" />
    <property name="crashlytics.startPluginUpdater" value="true" />
    <property name="crashlytics.startSdkUpdater" value="true" />
    <property name="crashlytics.webApiUrl" value="https://api.crashlytics.com" />
    <property name="decompiler.legal.notice.accepted" value="true" />
    <property name="disable.forced.soft.wraps.notification" value="true" />
    <property name="fabric.installationId" value="67756c6c-ab57-45f8-847b-2070dcf5d8f9" />
    <property name="fabric.override_email" value="false" />
    <property name="file.chooser.recent.files" value="$USER_HOME$/ghq/github.com/minchalle/minchalle_android" />
    <property name="file.gist.reindex.count" value="25369" />
    <property name="file.history.selection.diff.splitter.proportion" value="0.5407925" />
    <property name="fileTypeChangedCounter" value="1" />
    <property name="gradle.runner.text.console" value="true" />
    <property name="gradle.runner.text.console_str" value="true" />
    <property name="ideavim.statistics.timestamp" value="1561610279558" />
    <property name="inspector.open.All Attributes" value="true" />
    <property name="inspector.open.LinearLayout_layout" value="true" />
    <property name="installation.uid" value="0976f612-255d-4c97-a33d-6bc451d15c4f" />
    <property name="installed.kotlin.plugin.version" value="1.3.31-release-Studio3.4-1" />
    <property name="io.flutter.analytics.toastShown" value="true" />
    <property name="kotlin.lastUpdateCheck" value="1560834655101" />
    <property name="kotlin.plugin.releaseDate" value="1.3.31-release-Studio3.4-1:2019-04-25" />
    <property name="lastTip" value="1" />
    <property name="newly.installed.api.level" value="22" />
    <property name="palette.category.width" value="100" />
    <property name="properties.mode" value="TABLE" />
    <property name="search.everywhere.max.popup.width" value="844" />
    <property name="selected.color.option.type" value="LINE_NUMBERS_COLOR" />
    <property name="settings.code.style.selected.tab.JAVA" value="Wrapping and Braces" />
    <property name="settings.code.style.selected.tab.XML" value="Tabs and Indents" />
    <property name="studio.activity.count" value="40" />
  </component>
  <component name="SystemNotifications">
    <option name="NOTIFICATIONS">
      <set>
        <option value="Gradle Invocation (success)" />
        <option value="TestRunner" />
      </set>
    </option>
  </component>
  <component name="com.intellij.ide.fileTemplates.impl.FileTemplateManagerImpl">
    <recent_templates>
      <option name="RECENT_TEMPLATES">
        <value>
          <list size="0" />
        </value>
      </option>
    </recent_templates>
  </component>
  <component name="com.intellij.javaee.ExternalResourceManagerImpl">
    <ignored-resource url="http://relaxng.org/ns/compatibility/annotations/1.0" />
    <ignored-resource url="http://www.w3.org/1998/Math/MathML" />
    <ignored-resource url="http://www.w3.org/2000/svg" />
  </component>
</application>