<application>
  <component name="Trusted.Paths">
    <option name="TRUSTED_PROJECT_PATHS">
      <map>
        <entry key="$USER_HOME$/src/github.com/a10lab/minchalle_android" value="true" />
        <entry key="$USER_HOME$/src/github.com/kmachida12345/BuzzBuzz" value="true" />
        <entry key="$USER_HOME$/src/github.com/yasuhiroki/EnjoyJetpackCompose" value="true" />
        <entry key="$USER_HOME$/src/github.com/yasuhiroki/MyApplication" value="true" />
        <entry key="$USER_HOME$/src/github.com/yasuhiroki/enjoy-android" value="true" />
        <entry key="$USER_HOME$/src/github.com/yasuhiroki/fbomb" value="true" />
      </map>
    </option>
  </component>
</application>