<application>
  <component name="DimensionService">
    <location key="WELCOME_SCREEN.0.0.3024.1964@192dpi" x="1512" y="600" />
    <location key="find.popup.0.0.3024.1964@192dpi" x="538" y="368" />
    <location key="find.popup.-1920.-382.1920.1080" x="-1341" y="-257" />
    <location key="find.popup.-3140.-2160.3840.2160@192dpi" x="-2330" y="-1690" />
    <location key="#com.android.tools.idea.emulator.dialogs.ManageSnapshotsDialog.0.0.3024.1964@192dpi" x="712" y="364" />
    <location key="find.popup.1512.-992.2560.1440" x="2284" y="-825" />
    <location key="find.popup.-1570.-1080.1920.1080" x="-967" y="-926" />
    <location key="#com.intellij.structuralsearch.plugin.ui.StructuralSearchDialog.0.0.3024.1964@192dpi" x="978" y="474" />
    <location key="find.popup.-1760.-2160.3840.2160" x="-952" y="-1692" />
    <location key="find.popup.-5120.-2160.5120.2880@192dpi" x="-4582" y="-876" />
    <location key="find.popup.-2560.276.2560.1440@192dpi" x="826" y="76" />
    <size key="GridCell.Tab.0.left.0.0.3024.1964@192dpi" width="2892" height="594" />
    <size key="GridCell.Tab.0.center.0.0.3024.1964@192dpi" width="2892" height="594" />
    <size key="GridCell.Tab.0.right.0.0.3024.1964@192dpi" width="2892" height="594" />
    <size key="GridCell.Tab.0.bottom.0.0.3024.1964@192dpi" width="2892" height="594" />
    <size key="find.popup.0.0.3024.1964@192dpi" width="2080" height="1470" />
    <size key="find.popup.-1920.-382.1920.1080" width="802" height="836" />
    <size key="GridCell.Tab.0.left.-1920.-382.1920.1080" width="1470" height="252" />
    <size key="GridCell.Tab.0.center.-1920.-382.1920.1080" width="1470" height="252" />
    <size key="GridCell.Tab.0.right.-1920.-382.1920.1080" width="1470" height="252" />
    <size key="GridCell.Tab.0.bottom.-1920.-382.1920.1080" width="1470" height="252" />
    <size key="GridCell.Tab.1.left.-1920.-382.1920.1080" width="1470" height="252" />
    <size key="GridCell.Tab.1.center.-1920.-382.1920.1080" width="1470" height="252" />
    <size key="GridCell.Tab.1.right.-1920.-382.1920.1080" width="1470" height="252" />
    <size key="GridCell.Tab.1.bottom.-1920.-382.1920.1080" width="1470" height="252" />
    <size key="GridCell.Tab.1.left.0.0.3024.1964@192dpi" width="2892" height="594" />
    <size key="GridCell.Tab.1.center.0.0.3024.1964@192dpi" width="2892" height="594" />
    <size key="GridCell.Tab.1.right.0.0.3024.1964@192dpi" width="2892" height="594" />
    <size key="GridCell.Tab.1.bottom.0.0.3024.1964@192dpi" width="2892" height="594" />
    <size key="GridCell.Tab.0.left.-3140.-2160.3840.2160@192dpi" width="3756" height="650" />
    <size key="GridCell.Tab.0.center.-3140.-2160.3840.2160@192dpi" width="3756" height="650" />
    <size key="GridCell.Tab.0.right.-3140.-2160.3840.2160@192dpi" width="3756" height="650" />
    <size key="GridCell.Tab.0.bottom.-3140.-2160.3840.2160@192dpi" width="3756" height="650" />
    <size key="GridCell.Tab.1.left.-3140.-2160.3840.2160@192dpi" width="3756" height="650" />
    <size key="GridCell.Tab.1.center.-3140.-2160.3840.2160@192dpi" width="3756" height="650" />
    <size key="GridCell.Tab.1.right.-3140.-2160.3840.2160@192dpi" width="3756" height="650" />
    <size key="GridCell.Tab.1.bottom.-3140.-2160.3840.2160@192dpi" width="3756" height="650" />
    <size key="find.popup.-3140.-2160.3840.2160@192dpi" width="2196" height="1470" />
    <size key="#com.android.tools.idea.emulator.dialogs.ManageSnapshotsDialog.0.0.3024.1964@192dpi" width="1600" height="1600" />
    <size key="find.popup.1512.-992.2560.1440" width="1489" height="1115" />
    <size key="GridCell.Tab.0.left.1512.-992.2560.1440" width="2518" height="372" />
    <size key="GridCell.Tab.0.center.1512.-992.2560.1440" width="2518" height="372" />
    <size key="GridCell.Tab.0.right.1512.-992.2560.1440" width="2518" height="372" />
    <size key="GridCell.Tab.0.bottom.1512.-992.2560.1440" width="2518" height="372" />
    <size key="find.popup.-1570.-1080.1920.1080" width="874" height="731" />
    <size key="#com.intellij.structuralsearch.plugin.ui.StructuralReplaceDialog.0.0.3024.1964@192dpi" width="1854" height="1050" />
    <size key="find.popup.-1760.-2160.3840.2160" width="2042" height="1470" />
    <size key="GridCell.Tab.2.left.-3140.-2160.3840.2160@192dpi" width="3756" height="688" />
    <size key="GridCell.Tab.2.center.-3140.-2160.3840.2160@192dpi" width="3756" height="688" />
    <size key="GridCell.Tab.2.right.-3140.-2160.3840.2160@192dpi" width="3756" height="688" />
    <size key="GridCell.Tab.2.bottom.-3140.-2160.3840.2160@192dpi" width="3756" height="688" />
    <size key="GridCell.Tab.3.left.-3140.-2160.3840.2160@192dpi" width="3756" height="688" />
    <size key="GridCell.Tab.3.center.-3140.-2160.3840.2160@192dpi" width="3756" height="688" />
    <size key="GridCell.Tab.3.right.-3140.-2160.3840.2160@192dpi" width="3756" height="688" />
    <size key="GridCell.Tab.3.bottom.-3140.-2160.3840.2160@192dpi" width="3756" height="688" />
    <size key="find.popup.-5120.-2160.5120.2880@192dpi" width="2080" height="1470" />
    <size key="GridCell.Tab.0.right.-5120.-2160.5120.2880@192dpi" width="4988" height="716" />
    <size key="GridCell.Tab.0.left.-5120.-2160.5120.2880@192dpi" width="4988" height="716" />
    <size key="GridCell.Tab.0.center.-5120.-2160.5120.2880@192dpi" width="4988" height="716" />
    <size key="GridCell.Tab.0.bottom.-5120.-2160.5120.2880@192dpi" width="4988" height="716" />
    <size key="GridCell.Tab.1.left.-5120.-2160.5120.2880@192dpi" width="4988" height="430" />
    <size key="GridCell.Tab.1.center.-5120.-2160.5120.2880@192dpi" width="4988" height="430" />
    <size key="GridCell.Tab.1.right.-5120.-2160.5120.2880@192dpi" width="4988" height="430" />
    <size key="GridCell.Tab.1.bottom.-5120.-2160.5120.2880@192dpi" width="4988" height="430" />
    <size key="find.popup.-2560.276.2560.1440@192dpi" width="2196" height="1470" />
    <size key="GridCell.Tab.0.left.0.0.5120.2880@192dpi" width="5036" height="804" />
    <size key="GridCell.Tab.0.center.0.0.5120.2880@192dpi" width="5036" height="804" />
    <size key="GridCell.Tab.0.right.0.0.5120.2880@192dpi" width="5036" height="804" />
    <size key="GridCell.Tab.0.bottom.0.0.5120.2880@192dpi" width="5036" height="804" />
  </component>
  <component name="WindowManager">
    <frame x="-2560" y="-1080" width="2560" height="1440" fullScreen="true" />
  </component>
  <component name="WindowStateApplicationService">
    <state width="667" height="688" key="ShowUsagesActions.dimensionServiceKey" timestamp="1732242666474">
      <screen x="0" y="32" width="1512" height="950" />
    </state>
    <state width="667" height="688" key="ShowUsagesActions.dimensionServiceKey/0.32.1512.950" timestamp="1732242666474" />
    <state width="634" height="688" key="ShowUsagesActions.dimensionServiceKey/0.32.1512.950/-2560.-1055.2560.1415" timestamp="1727430827396" />
    <state width="904" height="1134" key="ShowUsagesActions.dimensionServiceKey/0.38.1512.944/-2560.-1080.2560.1440" timestamp="1728958427121" />
    <state width="715" height="688" key="ShowUsagesActions.dimensionServiceKey/0.38.1512.944/-2560.-1080.2560.1440/0.-1055.1920.1055" timestamp="1729473867556" />
    <state width="653" height="688" key="ShowUsagesActions.dimensionServiceKey/0.38.1512.944/0.-1055.1920.1055/-2560.-1080.2560.1440" timestamp="1732176826863" />
  </component>
</application>